event,scfc_sim,scfc_seq
event_0,0.0,0.0
event_1,0.0,0.0
event_2,0.0,0.0
event_3,0.0,0.0
event_4,0.0,0.0
event_5,0.0,0.0
event_6,0.0,0.0
event_7,0.0,0.0
event_8,0.0,0.0
event_9,0.0,0.0
event_10,0.0,0.0
event_11,0.0,0.0
event_12,0.0,0.0
event_13,0.0,0.0
event_14,0.0,0.0
event_15,0.0,0.0
event_16,0.0,0.0
event_17,0.0,0.0
event_18,0.0,0.0
event_19,0.0,0.0
event_20,0.0,0.0
event_21,0.0,0.0
event_22,0.0,0.0
event_23,0.0,0.0
event_24,0.0,0.0
event_25,0.0,0.0
event_26,0.0,0.0
event_27,0.0,0.0
event_28,0.0,0.0
event_29,0.0,0.0
event_30,0.0,0.0
event_31,0.0,0.0
event_32,0.0,0.0
event_33,0.0,0.0
event_34,0.0,0.0
event_35,0.0,0.0
event_36,0.0,0.0
event_37,0.0,0.0
event_38,0.0,0.0
event_39,0.0,0.0
event_40,0.0,0.0
event_41,0.0,0.0
event_42,0.0,0.0
event_43,0.0,0.0
event_44,0.0,0.0
event_45,0.0,0.0
event_46,0.0,0.0
event_47,0.0,0.0
event_48,0.0,0.0
event_49,0.0,0.0
event_50,0.0,0.0
event_51,0.0,0.0
event_52,0.0,0.0
event_53,0.0,0.0
event_54,0.0,0.0
event_55,0.0,0.0
event_56,0.0,0.0
event_57,0.0,0.0
event_58,0.0,0.0
event_59,0.0,0.0
event_60,0.0,0.0
event_61,0.0,0.0
event_62,0.0,0.0
event_63,0.0,0.0
event_64,0.0,0.0
event_65,0.0,0.0
event_66,0.0,0.0
event_67,0.0,0.0
event_68,0.0,0.0
event_69,0.0,0.0
event_70,0.0,0.0
event_71,0.0,0.0
event_72,0.0,0.0
event_73,0.0,0.0
event_74,0.0,0.0
event_75,0.0,0.0
event_76,0.0,0.0
event_77,0.0,0.0
event_78,0.0,0.0
event_79,0.0,0.0
event_80,0.0,0.0
event_81,0.0,0.0
event_82,0.0,0.0
event_83,0.0,0.0
event_84,0.0,0.0
event_85,0.0,0.0
event_86,0.0,0.0
event_87,0.0,0.0
event_88,0.0,0.0
event_89,0.0,0.0
event_90,0.0,0.0
event_91,0.0,0.0
event_92,0.0,0.0
event_93,0.0,0.0
event_94,0.0,0.0
event_95,0.0,0.0
event_96,0.0,0.0
event_97,0.0,0.0
event_98,0.0,0.0
event_99,0.0,0.0
event_100,0.0,0.0
event_101,0.0,0.0
event_102,0.0,0.0
event_103,0.0,0.0
event_104,0.0,0.0
event_105,0.0,0.0
event_106,0.0,0.0
event_107,0.0,0.0
event_108,0.0,0.0
event_109,0.0,0.0
event_110,0.0,0.0
event_111,0.0,0.0
event_112,0.0,0.0
event_113,0.0,0.0
event_114,0.0,0.0
event_115,0.0,0.0
event_116,0.0,0.0
event_117,0.0,0.0
event_118,0.0,0.0
event_119,0.0,0.0
event_120,0.0,0.0
event_121,0.0,0.0
event_122,0.0,0.0
event_0,0.0,0.0
event_1,0.0,0.0
event_2,0.0,0.0
event_3,0.0,0.0
event_4,0.0,0.0
event_5,0.0,0.0
event_6,0.0,0.0
event_7,0.0,0.0
event_8,0.0,0.0
event_9,0.0,0.0
event_10,0.0,0.0
event_11,0.0,0.0
event_12,0.0,0.0
event_13,0.0,0.0
event_14,0.0,0.0
event_15,0.0,0.0
event_16,0.0,0.0
event_17,0.0,0.0
event_18,0.0,0.0
event_19,0.0,0.0
event_20,0.0,0.0
event_21,0.0,0.0
event_22,0.0,0.0
event_23,0.0,0.0
event_24,0.0,0.0
event_25,0.0,0.0
event_26,0.0,0.0
event_27,0.0,0.0
event_28,0.0,0.0
event_29,0.0,0.0
event_30,0.0,0.0
event_31,0.0,0.0
event_32,0.0,0.0
event_33,0.0,0.0
event_34,0.0,0.0
event_35,0.0,0.0
event_36,0.0,0.0
event_37,0.0,0.0
event_38,0.0,0.0
event_39,0.0,0.0
event_40,0.0,0.0
event_41,0.0,0.0
event_42,0.0,0.0
event_43,0.0,0.0
event_44,0.0,0.0
event_45,0.0,0.0
event_46,0.0,0.0
event_47,0.0,0.0
event_48,0.0,0.0
event_49,0.0,0.0
event_50,0.0,0.0
event_51,0.0,0.0
event_52,0.0,0.0
event_53,0.0,0.0
event_54,0.0,0.0
event_55,0.0,0.0
event_56,0.0,0.0
event_57,0.0,0.0
event_58,0.0,0.0
event_59,0.0,0.0
event_60,0.0,0.0
event_61,0.0,0.0
event_62,0.0,0.0
event_63,0.0,0.0
event_64,0.0,0.0
event_65,0.0,0.0
event_66,0.0,0.0
event_67,0.0,0.0
event_68,0.0,0.0
event_69,0.0,0.0
event_70,0.0,0.0
event_71,0.0,0.0
event_72,0.0,0.0
event_73,0.0,0.0
event_74,0.0,0.0
event_75,0.0,0.0
event_76,0.0,0.0
event_77,0.0,0.0
event_78,0.0,0.0
event_79,0.0,0.0
event_80,0.0,0.0
event_81,0.0,0.0
event_82,0.0,0.0
event_83,0.0,0.0
event_84,0.0,0.0
event_85,0.0,0.0
event_86,0.0,0.0
event_87,0.0,0.0
event_88,0.0,0.0
event_89,0.0,0.0
event_90,0.0,0.0
event_91,0.0,0.0
event_92,0.0,0.0
event_93,0.0,0.0
event_94,0.0,0.0
event_95,0.0,0.0
event_96,0.0,0.0
event_97,0.0,0.0
event_98,0.0,0.0
event_99,0.0,0.0
event_100,0.0,0.0
event_101,0.0,0.0
event_102,0.0,0.0
event_103,0.0,0.0
event_104,0.0,0.0
event_105,0.0,0.0
event_106,0.0,0.0
event_107,0.0,0.0
event_108,0.0,0.0
event_109,0.0,0.0
event_110,0.0,0.0
event_111,0.0,0.0
event_112,0.0,0.0
event_113,0.0,0.0
event_114,0.0,0.0
event_115,0.0,0.0
event_116,0.0,0.0
event_117,0.0,0.0
event_118,0.0,0.0
event_119,0.0,0.0
event_120,0.0,0.0
event_121,0.0,0.0
event_122,0.0,0.0
event_123,0.0,0.0
event_124,0.0,0.0
event_125,0.0,0.0
event_126,0.0,0.0
event_127,0.0,0.0
event_128,0.0,0.0
event_129,0.0,0.0
event_130,0.0,0.0
event_131,0.0,0.0
event_132,0.0,0.0
event_133,0.0,0.0
event_134,0.0,0.0
event_135,0.0,0.0
event_0,0.0,0.0
event_1,0.0,0.0
event_2,0.0,0.0
event_3,0.0,0.0
event_4,0.0,0.0
event_5,0.0,0.0
event_6,0.0,0.0
event_7,0.0,0.0
event_8,0.0,0.0
event_9,0.0,0.0
event_10,0.0,0.0
event_11,0.0,0.0
event_12,0.0,0.0
event_13,0.0,0.0
event_14,0.0,0.0
event_15,0.0,0.0
event_16,0.0,0.0
event_17,0.0,0.0
event_18,0.0,0.0
event_19,0.0,0.0
event_20,0.0,0.0
event_21,0.0,0.0
event_22,0.0,0.0
event_23,0.0,0.0
event_24,0.0,0.0
event_25,0.0,0.0
event_26,0.0,0.0
event_27,0.0,0.0
event_28,0.0,0.0
event_29,0.0,0.0
event_30,0.0,0.0
event_31,0.0,0.0
event_32,0.0,0.0
event_33,0.0,0.0
event_34,0.0,0.0
event_35,0.0,0.0
event_36,0.0,0.0
event_37,0.0,0.0
event_38,0.0,0.0
event_39,0.0,0.0
event_40,0.0,0.0
event_41,0.0,0.0
event_42,0.0,0.0
event_43,0.0,0.0
event_44,0.0,0.0
event_45,0.0,0.0
event_46,0.0,0.0
event_47,0.0,0.0
event_48,0.0,0.0
event_49,0.0,0.0
event_50,0.0,0.0
event_51,0.0,0.0
event_52,0.0,0.0
event_53,0.0,0.0
event_54,0.0,0.0
event_55,0.0,0.0
event_56,0.0,0.0
event_57,0.0,0.0
event_58,0.0,0.0
event_59,0.0,0.0
event_60,0.0,0.0
event_61,0.0,0.0
event_62,0.0,0.0
event_63,0.0,0.0
event_64,0.0,0.0
event_65,0.0,0.0
event_66,0.0,0.0
event_67,0.0,0.0
event_68,0.0,0.0
event_69,0.0,0.0
event_70,0.0,0.0
event_71,0.0,0.0
event_72,0.0,0.0
event_73,0.0,0.0
event_74,0.0,0.0
event_75,0.0,0.0
event_76,0.0,0.0
event_77,0.0,0.0
event_78,0.0,0.0
event_79,0.0,0.0
event_80,0.0,0.0
event_81,0.0,0.0
event_82,0.0,0.0
event_83,0.0,0.0
event_84,0.0,0.0
event_85,0.0,0.0
event_86,0.0,0.0
event_87,0.0,0.0
event_88,0.0,0.0
event_89,0.0,0.0
event_90,0.0,0.0
event_91,0.0,0.0
event_92,0.0,0.0
event_93,0.0,0.0
event_94,0.0,0.0
event_95,0.0,0.0
event_96,0.0,0.0
event_97,0.0,0.0
event_98,0.0,0.0
event_99,0.0,0.0
event_100,0.0,0.0
event_101,0.0,0.0
event_102,0.0,0.0
event_103,0.0,0.0
event_104,0.0,0.0
event_105,0.0,0.0
event_106,0.0,0.0
event_107,0.0,0.0
event_108,0.0,0.0
event_109,0.0,0.0
event_110,0.0,0.0
event_111,0.0,0.0
event_112,0.0,0.0
event_113,0.0,0.0
event_114,0.0,0.0
event_115,0.0,0.0
event_116,0.0,0.0
event_117,0.0,0.0
event_118,0.0,0.0
event_119,0.0,0.0
event_120,0.0,0.0
event_121,0.0,0.0
event_122,0.0,0.0
event_123,0.0,0.0
event_124,0.0,0.0
event_125,0.0,0.0
event_126,0.0,0.0
event_127,0.0,0.0
event_128,0.0,0.0
event_129,0.0,0.0
event_130,0.0,0.0
event_131,0.0,0.0
event_132,0.0,0.0
event_133,0.0,0.0
event_134,0.0,0.0
event_135,0.0,0.0
event_136,0.0,0.0
event_137,0.0,0.0
event_138,0.0,0.0
event_139,0.0,0.0
event_140,0.0,0.0
event_141,0.0,0.0
event_142,0.0,0.0
event_143,0.0,0.0
event_144,0.0,0.0
event_145,0.0,0.0
event_146,0.0,0.0
event_147,0.0,0.0
event_148,0.0,0.0
event_149,0.0,0.0
event_150,0.0,0.0
event_151,0.0,0.0
event_152,0.0,0.0
event_153,0.0,0.0
event_154,0.0,0.0
event_155,0.0,0.0
event_156,0.0,0.0
event_157,0.0,0.0
event_158,0.0,0.0
event_159,0.0,0.0
event_160,0.0,0.0
event_161,0.0,0.0
event_162,0.0,0.0
event_163,0.0,0.0
event_164,0.0,0.0
event_165,0.0,0.0
event_166,0.0,0.0
event_167,0.0,0.0
event_168,0.0,0.0
event_169,0.0,0.0
event_170,0.0,0.0
event_171,0.0,0.0
event_172,0.0,0.0
event_173,0.0,0.0
event_174,0.0,0.0
event_175,0.0,0.0
event_176,0.0,0.0
event_177,0.0,0.0
event_178,0.0,0.0
event_179,0.0,0.0
event_180,0.0,0.0
event_181,0.0,0.0
event_182,0.0,0.0
event_183,0.0,0.0
event_184,0.0,0.0
event_185,0.0,0.0
event_186,0.0,0.0
event_187,0.0,0.0
event_188,0.0,0.0
event_189,0.0,0.0
event_190,0.0,0.0
event_191,0.0,0.0
event_192,0.0,0.0
event_193,0.0,0.0
